tweet_id,russian,english,sentiment
0,@HelgaSko @Elena_Bers @space2340 @kenecec –ü—É—Ç–∏–Ω —ç—Ç–æ –≤–∞—à –±–æ–≥ –∏ –≤—ã –Ω–∞ –Ω–µ–≥–æ –º–æ–ª–∏—Ç–µ—Å—å –ø–æ—Å—Ç–æ—è–Ω–Ω–æ. –ë–æ–ª—å—à–µ —á–µ–º –æ—Ç –≤–∞—à–∏—Ö –ø–∞–ø—É–∞—Å–æ–≤ —è –æ –ü—É—Ç–∏–Ω–µ –Ω–∏ –æ—Ç –∫–æ–≥–æ –Ω–µ —Å–ª—ã—à—É.,"@Helgasko @elena_bers @ Space2340 @kenecec Putin is your God and you pray at him all the time. More than your Papuans, I can't hear from anyone. ",negative
1,"–ü—É—Ç–∏–Ω —É–ø—Ä–æ—Å—Ç–∏–ª –≤—ä–µ–∑–¥ –≤ –†–æ—Å—Å–∏—é —Å —Ç–µ—Ä—Ä–∏—Ç–æ—Ä–∏–π –î–ù–†, –õ–ù–† –∏¬†–£–∫—Ä–∞–∏–Ω—ã https://t.co/79KqRgHod8","Putin simplified entry into Russia from the territories of the DNR, LNR and Ukraine https://t.co/79kqrghod8 ",positive
2,–∞ –Ω—É –∏ –µ—â–µ: –≤–æ –≤—Å–µ–º –≤–∏–Ω–æ–≤–∞—Ç –ü—É—Ç–∏–Ωü§°,And also: in everything is to blame Putin,negative
3,"–ï—Å—Ç—å —Ç—Ä–∏ –ø—Ä–∏—á–∏–Ω—ã, –ø–æ—á–µ–º—É –ü—É—Ç–∏–Ω –Ω–µ —Å–º–æ–∂–µ—Ç –ø–æ–±–µ–¥–∏—Ç—å –≤ —ç—Ç–æ–π –≤–æ–π–Ω–µ:

‚Äì —É –£–∫—Ä–∞–∏–Ω—ã –µ—Å—Ç—å –ó–µ–ª–µ–Ω—Å–∫–∏–π;
‚Äì —É –£–∫—Ä–∞–∏–Ω—ã –µ—Å—Ç—å –ü–∞–ø–∏—á;
‚Äì —É –£–∫—Ä–∞–∏–Ω—ã –µ—Å—Ç—å –°–∏–º–ø–ª.

–û —á—ë–º –æ–Ω –≤–æ–æ–±—â–µ –¥—É–º–∞–ª, –∫–æ–≥–¥–∞ –Ω–∞–ø–∞–¥–∞–ª –Ω–∞ —ç—Ç—É —Å—Ç—Ä–∞–Ω—É?",There are three reasons why Putin will not be able to defeat in this war:  - Ukraine has Zelensky;  - Ukraine has a papic;  - Ukraine has a symple.  What did he at all think when attacked this country?,negative
4,@Filina_Olga_ –í—ã –æ —á–µ–º ? –ü—É—Ç–∏–Ω –∏–∑–Ω–∞—á–∞–ª—å–Ω–æ –Ω–∞–∑–≤–∞–ª –æ–ø–µ—Ä–∞—Ü–∏—é –î–ï–ù–ê–¶–ò–§–ò–ö–ê–¶–ò–ï–ô –ò –î–ï–ú–ò–õ–ò–¢–ê–†–ò–ó–ê–¶–ò–ï–ô ‚Ä¶,@Filina_olga_ What are you talking about? Putin initially called the operation with denazification and demilitarization ...,neutral
5,"@Dibbuk1561 –û—á–µ–Ω—å –¥–∞–∂–µ –≤–æ–∑–º–æ–∂–Ω–æ, —Å—Ç–∞–ª–∏–Ω –∑–∞–≥–Ω–∞–ª –≤ –∞—Ä–º–∏—é 30 –º–∏–ª–ª–∏–æ–Ω–æ–≤ —á–µ–ª–æ–≤–µ–∫, –Ω—É –¥–æ–ø—É—Å—Ç–∏–º –ø—É—Ç–∏–Ω –∑–∞–≥–æ–Ω–µ—Ç 15, —Ç–æ–∂–µ –Ω–µ –º–∞–ª–æ.","@ DIBBUK1561 It is very possible that Stalin drove 30 million people into the army, well, let's say Putin will drive 15, not enough. ",neutral
6,"–ö–∏–∫–∞–±–∏–¥–∑–µ. –£–º–µ—Ä—à–∏–π –ü—É—Ç–∏–Ω, –¥–µ–º–æ—Ä–∞–ª–∏–∑–æ–≤–∞–Ω–Ω–∞—è –†–æ—Å—Å–∏—è, —Ä–æ—Å—Å–∏—è–Ω–µ –±–µ–≥—É—Ç –≤ –ì—Ä—É–∑... https://t.co/Y6P3M4eTen —á–µ—Ä–µ–∑ @YouTube","Kikabidze. Die Putin, demoralized Russia, Russians are fleeing ... https://t.co/y6p3m4ten via @youtube ",negative
7,"–î–∞, –º–æ–∂–Ω–æ –±—É–¥–µ—Ç —Å–Ω—è—Ç—å –Ω–∞–ª–∏—á–Ω—ã–µ –≤ —Å–ø–µ—Ü–∏–∞–ª—å–Ω–æ–º –±–∞–Ω–∫–æ–º–∞—Ç–µ, –µ—Å–ª–∏ –í–ª–∞–¥–∏–º–∏—Ä –ü—É—Ç–∏–Ω –Ω–µ —É—Å—Ç–∞–Ω–æ–≤–∏—Ç –≤–∞–º –ª–∏–º–∏—Ç –Ω–∞ —Å–Ω—è—Ç–∏–µ –≤–∞–ª—é—Ç—ã (–∞ –æ–Ω –æ–±—è–∑–∞—Ç–µ–ª—å–Ω–æ —É—Å—Ç–∞–Ω–æ–≤–∏—Ç). –î–∞ –∏ –∫–∞–∫–∏–µ –∏–Ω–æ—Å—Ç—Ä–∞–Ω–Ω—ã–µ –ø–æ–µ–∑–¥–∫–∏, –µ—Å–ª–∏ –≤—Å–µ —É –∫–æ–≥–æ –≤ –†–æ—Å—Å–∏–∏ –±–∏–∑–Ω–µ—Å –∏–ª–∏ —Ä–∞–±–æ—Ç–∞ –∑–∞ –Ω–µ–¥–µ–ª—é –æ–±–Ω–∏—â–∞–ª–∏.","Yes, it will be possible to take off cash in a special ATM, if Vladimir Putin will not set you a limit on the removal of the currency (and it will definitely establish). And what are foreign trips, if all who in Russia has a business or work for a week reincarnated. ",negative
8,"@discoFBK –ù—É –¥–∞. –í–æ–π–Ω–∞ —Ç–æ–ª—å–∫–æ —É—Å–∏–ª–∏—Ç—Å—è.
–ó–∞–ø–∞–¥ —Å–¥–µ–ª–∞–ª –ø—É—Ç–∏–Ω—Å–∫–æ–π –ø—Ä–æ–ø–∞–≥–∞–Ω–¥–µ –ø–æ–¥–∞—Ä–æ–∫.
–ó–∞–ø–∞–¥–Ω—ã–µ –ø–æ–ª–∏—Ç–∏–∫–∏ –ø–æ—Å—Ç—É–ø–∞—é—Ç —Ç–∞–∫ –∏–∑ —Å–æ–æ–±—Ä–∞–∂–µ–Ω–∏–π –ø–æ–ø—É–ª–∏–∑–º–∞ –∏ —á—Ç–æ–±—ã —Å–∫—Ä—ã—Ç—å —Å–≤–æ–∏ –æ—à–∏–±–∫–∏.
–°–∞–Ω–∫—Ü–∏–∏ –ø—Ä–æ—Ç–∏–≤ –Ω–∞—Å–µ–ª–µ–Ω–∏—è –Ω–µ —Ä–∞–±–æ—Ç–∞—é—Ç; –∏—Å–∫–ª—é—á–µ–Ω–∏–µ –ò—Ä–∞–Ω, –Ω–æ –ü—É—Ç–∏–Ω –Ω–µ —É—Å—Ç—É–ø–∏—Ç –Ω–∏–∫–æ–≥–¥–∞; –ü—É—Ç–∏–Ω —Å–∫–æ—Ä–µ–µ –Ω–∞—á–Ω–µ—Ç –Ø–¥–µ—Ä–Ω—É—é –í–æ–π–Ω—É.","@Discofbk Well, yes. War will only increase.  West made Putin's propaganda gift.  Western politicians come so for reasons of populism and to hide their mistakes.  Sanctions against the population do not work; The exception of Iran, but Putin will never give way; Putin will rather begin a nuclear war. ",negative
9,"@channelone_rus –¶–∏–Ω–∏–∑–º —Ä–æ—Å—Å–∏–π—Å–∫–∏—Ö –≤–ª–∞—Å—Ç–µ–π –∑–∞—à–∫–∞–ª–∏–≤–∞–µ—Ç. –ü—É—Ç–∏–Ω, –≤ 2014 –≤–æ–¥—è –≤–æ–π—Å–∫–∞ –≤ –î–æ–Ω–µ—Ü–∫—É—é –∏ –õ—É–≥–∞–Ω—Å–∫—É—é –æ–±–ª–∞—Å—Ç–∏, –º–æ—Ç–∏–≤–∏—Ä–æ–≤–∞–ª —ç—Ç–æ –∑–∞—â–∏—Ç–æ–π —Ä—É—Å—Å–∫–æ-–≥–æ–≤–æ—Ä—è—â–µ–≥–æ –Ω–∞—Å–µ–ª–µ–Ω–∏—è. –í —Ä–µ–∑—É–ª—å—Ç–∞—Ç–µ —ç—Ç–æ–π ""–∑–∞—â–∏—Ç—ã"" –¥–µ—Å—è—Ç–∫–∏ —Ç—ã—Å—è—á –ø–æ–≥–∏–±—à–∏—Ö.","@channelone_rus cynicism of the Russian authorities offshore. Putin, in 2014, leading troops to the Donetsk and Lugansk regions, motivated this protection of the Russian-speaking population. As a result of this ""protection"" tens of thousands of dead. ",negative
10,"–ü—É—Ç–∏–Ω —Ä–∞—Å—Å–∫–∞–∑–∞–ª, –±—É–¥—É—Ç –ª–∏ –≤–≤–æ–¥–∏—Ç—å –≤ –†–æ—Å—Å–∏–∏ –≤–æ–µ–Ω–Ω–æ–µ¬†–ø–æ–ª–æ–∂–µ–Ω–∏–µ https://t.co/45axsGvJSh",Putin told whether martial position will be introduced in Russia https://t.co/45axsgvjsh,neutral
11,@SobolLubov –ü—É—Ç–∏–Ω —Å–ø—Ä—è—Ç–∞–ª –ù–∞–≤–∞–ª—å–Ω–æ–≥–æ –æ—Ç –ª—é–¥–µ–π,@Sobollubov Putin hid the navalny from people,negative
12,"@john_kaiff –ù—É –≤–æ—Ç –Ω–µ —Å–¥–∞–¥—É—Ç—Å—è –æ–Ω–∏ - —á—Ç–æ —Å–¥–µ–ª–∞–µ—Ç —Å—É–º–∞—à–µ–¥—à–∏–π –ø—É—Ç–∏–Ω? –†–∞–∑–±–æ–º–±–∏—Ç –∏—Ö –≥–æ—Ä–æ–¥–∞ —Å –ø–æ–º—â—å—é —Ä—Å–∑–æ –≥—Ä–∞–¥, —Å–º–µ—Ä—á—å, –∏ —á—Ç–æ –ª—É—á—à–µ? –£–º–µ—Ä–µ—Ç—å, –±—ã—Ç—å –±–µ–∂–µ–Ω—Ü–µ–º –∏–ª–∏ –∂–∏—Ç—å –ø–æ–¥ –≤–ª–∞—Å—Ç—å—é –∫—Ä–æ–≤–∞–≤–æ–≥–æ –¥–∏–∫—Ç–∞—Ç–æ—Ä–∞?","@John_Kaiff Well, here they will not give up - what will make a mad Putin? Broading their cities with a chance of RSZO Grad, to merge, and what is better? Die, be a refugee or live under the rule of the bloody dictator? ",negative
13,"–£—á–∏—Ç—ã–≤–∞—è, —á—Ç–æ –ü—É—Ç–∏–Ω –æ–≥—Ä–∞–Ω–∏—á–∏–ª —Ä—É—Å—Å–∫–∏–º –∫–æ–ª–∏—á–µ—Å—Ç–≤–æ –≤—ã–≤–æ–∑–∏–º—ã—Ö –Ω–∞–ª–∏—á–Ω—ã—Ö —Å—Ä–µ–¥—Å—Ç–≤ (–∏ –≤ –±–ª–∏–∂–∞–π—à–µ–µ –≤—Ä–µ–º—è –µ—â—ë –±–æ–ª—å—à–µ  –æ–≥—Ä–∞–Ω–∏—á–∏—Ç), –≤—ã–µ—Ö–∞—Ç—å –∏–∑ –†–æ—Å—Å–∏–∏ —Å–∫–æ—Ä–æ —Å—Ç–∞–Ω–µ—Ç —Ñ–∏–∑–∏—á–µ—Å–∫–∏ –Ω–µ–≤–æ–∑–º–æ–∂–Ω–æ. https://t.co/UKjLy6HdwT","Given that Putin restricted the Russian amount of exported cash (and in the near future will restrict it even more), it will be physically impossible to leave Russia soon. https://t.co/ukjly6hdwt. ",negative
14,"@ToporGarri –ö–æ–≥–¥–∞ —è —Å–º–æ—Ç—Ä—é –≤–æ–∫—Ä—É–≥, —è –ø–æ–Ω–∏–º–∞—é, —á—Ç–æ –ü—É—Ç–∏–Ω –¢–í —Å–ø—Ä–∞–≤–∏–ª–∞—Å—å —Å–æ —Å–≤–æ–µ–π –∑–∞–¥–∞—á–µ–π –ø–µ—Ä—Ñ–µ–∫—Ç–Ω–æ. –ü–æ—ç—Ç–æ–º—É —è —É–∂–µ –¥—É–º–∞—é, —á—Ç–æ –æ–Ω–∏ –±—É–¥—É—Ç –∂—Ä–∞—Ç—å —Å–≤–æ—ë –¥–µ—Ä—å–º–æ, –ø—Ä–∏ —ç—Ç–æ–º –ø—Ä–∏—á–º–æ–∫–∏–≤–∞—Ç—å –∏ —Å–ª–∞–≤–∏—Ç—å –ü—É—Ç–∏–Ω–∞! –≠—Ç–æ –∫–∞–∫–æ–µ-—Ç–æ —É–Ω–∏–∫–∞–ª—å–Ω–æ–µ –ø–æ —Å–≤–æ–µ–π —Ç—É–ø–æ—Å—Ç–∏, —Å–ª–µ–ø–æ—Ç–µ –∏ —Ä–∞–≤–Ω–æ–¥—É—à–∏—é –Ω–∞—Å–µ–ª–µ–Ω–∏–µ‚Ä¶ü§¶‚Äç‚ôÄÔ∏èüòè","@Toporgarri When I look around, I understand that Putin TV coped with his task perfectly. Therefore, I already think that they will eat their shit, at the same time combine and put Putin! This is some kind of unique in its stupidity, blindness and indifference population ... ü§¶‚ôÄÔ∏èüòè ",negative
15,@tass_agency –í–µ—Å—å –º–∏—Ä –ø—Ä–æ—Ç–∏–≤ —Ç–µ–±—è –ø—É—Ç–∏–Ω! https://t.co/FvmqgfdtNh,@tass_agency The whole world against you Putin! https://t.co/fvmqgfdtnh,negative
16,"–ü—É—Ç–∏–Ω –ø–æ–¥–ø–∏—Å–∞–ª —É–∫–∞–∑ –æ –≤—ã–ø–ª–∞—Ç–∞—Ö —Å–µ–º—å—è–º –≤–æ–µ–Ω–Ω—ã—Ö, –ø–æ–≥–∏–±—à–∏—Ö –≤¬†—Å–ø–µ—Ü–æ–ø–µ—Ä–∞—Ü–∏–∏ https://t.co/SdrlUrV4qM",Putin signed a decree of payments to the families of the military who died in the special operation https://t.co/sdrlurv4qm,neutral
17,"@sincity8512 –ü—É—Ç–∏–Ω - –≤–æ–µ–Ω–Ω—ã–π –ø—Ä–µ—Å—Ç—É–ø–Ω–∏–∫ –∏ –º–µ–∂–¥—É–Ω–∞—Ä–æ–¥–Ω—ã–π —Ç–µ—Ä—Ä–æ—Ä–∏—Å—Ç.
–ü—É—Ç–∏–Ω–∞ –Ω—É–∂–Ω–æ –∫–∞–∫ –º–æ–∂–Ω–æ —Å–∫–æ—Ä–µ–µ –ø–æ–π–º–∞—Ç—å –∏ —Å—É–¥–∏—Ç—å –∫–∞–∫ –°.–ú–∏–ª–æ—à–µ–≤–∏—á–∞ –∫–æ–≥–¥–∞-—Ç–æ.
–ù–µ—Ç –ü—É—Ç–∏–Ω–∞ = –ù–µ—Ç –í–æ–π–Ω—ã.",@ Sincity8512 Putin is a military criminal and an international terrorist.  Putin needs to catch as soon as possible and judge as S. Miloshevich once.  No Putin = no war.,negative
18,"@Chaotic_motion @r0mko –ì–æ–≤–æ—Ä–∏–ª —Å —Ç–∞–∫–∏–º. –û–Ω —É—Ç–≤–µ—Ä–∂–¥–∞–ª, —á—Ç–æ –ü—É—Ç–∏–Ω –Ω–∞—Å —Å–ø–∞—Å, —Ç.–∫. –ù–ê–¢–û –∑–∞–≤–µ–∑–ª–æ –±—ã —Ä–∞–∫–µ—Ç—ã –≤ –£–∫—Ä–∞–∏–Ω—É, –∞ —á–µ—Ä–µ–∑ –ø–∞—Ä—É –ª–µ—Ç –æ–Ω–∏ –±—ã –ø–æ –Ω–∞–º —ë–±–Ω—É–ª–∏. –û–±—ä—è—Å–Ω–∏—Ç—å —á–µ–ª–æ–≤–µ–∫—É, —á—Ç–æ –Ω–∞—á–∏–Ω–∞—Ç—å –≤–æ–π–Ω—É —Å —è–¥–µ—Ä–Ω–æ–π –¥–µ—Ä–∂–∞–≤–æ–π –¥–ª—è –ª—é–±–æ–≥–æ –¥–µ–º–æ–∫—Ä–∞—Ç–∏—á–µ—Å–∫–∏ –∏–∑–±—Ä–∞–Ω–Ω–æ–≥–æ –ª–∏–¥–µ—Ä–∞ - —ç—Ç–æ –ø–æ–ª–∏—Ç–∏—á–µ—Å–∫–æ–µ —Å–∞–º–æ—É–±–∏–π—Å—Ç–≤–æ –º–Ω–µ –Ω–µ —É–¥–∞–ª–æ—Å—å.","@Chaotic_motion @ r0mko spoke with such. He argued that Putin was saved, because NATO would take rockets to Ukraine, and after a couple of years they would like us. To explain to the person that starting the war with a nuclear power for any democratically elected leader is political suicide I failed. ",negative
19,"@PatriotoffUA –ü—É—Ç–∏–Ω - –≤–æ–µ–Ω–Ω—ã–π –ø—Ä–µ—Å—Ç—É–ø–Ω–∏–∫ –∏ –º–µ–∂–¥—É–Ω–∞—Ä–æ–¥–Ω—ã–π —Ç–µ—Ä—Ä–æ—Ä–∏—Å—Ç.
–ü—É—Ç–∏–Ω–∞ –Ω—É–∂–Ω–æ –∫–∞–∫ –º–æ–∂–Ω–æ —Å–∫–æ—Ä–µ–µ –ø–æ–π–º–∞—Ç—å –∏ —Å—É–¥–∏—Ç—å –∫–∞–∫ –°.–ú–∏–ª–æ—à–µ–≤–∏—á–∞ –∫–æ–≥–¥–∞-—Ç–æ.
–ù–µ—Ç –ü—É—Ç–∏–Ω–∞ = –ù–µ—Ç –í–æ–π–Ω—ã.",@Patriotoffua Putin is a military criminal and an international terrorist.  Putin needs to catch as soon as possible and judge as S. Miloshevich once.  No Putin = no war.,negative
20,"–í–ª–∞–¥–∏–º–∏—Ä –ü—É—Ç–∏–Ω –ø–æ–¥–ø–∏—Å–∞–ª —É–∫–∞–∑, –≤ —Å–æ–æ—Ç–≤–µ—Ç—Å—Ç–≤–∏–∏ —Å –∫–æ—Ç–æ—Ä—ã–º –ø—Ä–∞–≤–∏—Ç–µ–ª—å—Å—Ç–≤–æ –†–æ—Å—Å–∏–∏ –≤ –¥–≤—É—Ö–¥–Ω–µ–≤–Ω—ã–π —Å—Ä–æ–∫ –¥–æ–ª–∂–Ω–æ –æ–ø—Ä–µ–¥–µ–ª–∏—Ç—å –ø–µ—Ä–µ—á–µ–Ω—å —Å—Ç—Ä–∞–Ω, —Å–æ–≤–µ—Ä—à–∞—é—â–∏—Ö –≤ –æ—Ç–Ω–æ—à–µ–Ω–∏–∏ –†–æ—Å—Å–∏–∏ ""–Ω–µ–¥—Ä—É–∂–µ—Å—Ç–≤–µ–Ω–Ω—ã–µ –¥–µ–π—Å—Ç–≤–∏—è"":
https://t.co/hI1M8O2UzY https://t.co/ZhgGQ67sAD","Vladimir Putin signed a decree, according to which the Government of Russia during a two-day period should determine the list of countries committing ""unfriendly actions"" in relation to Russia:  https://t.co/hi1m8o2uzy https://t.co/zhggq67sad ",neutral
21,–ó–µ–ª—è –∑–∞—è–≤–∏–ª —á—Ç–æ –ü—É—Ç–∏–Ω –±—Ä–æ—Å–∏–ª –≤ –±–æ–π –ø—Ä–æ—Ç–∏–≤ –Ω–µ–≥–æ –≤—Å—é —Å–≤–æ—é –∞—Ä–º–∏—é,Zely said that Putin threw in battle against him all his army,neutral
22,"@ChristianFuchs_ –ê—Ö, —Å—É–¥—å–±–∞-—Å—É–¥—å–±–∏–Ω—É—à–∫–∞! –ï—â—ë –¥–≤–∞–¥—Ü–∞—Ç—å –ª–µ—Ç –Ω–∞–∑–∞–¥ –í–ª–∞–¥–∏–º–∏—Ä –í–ª–∞–¥–∏–º–∏—Ä–æ–≤–∏—á –ü—É—Ç–∏–Ω —Å–∫–∞–∑–∞–ª –æ —Ç–∞–∫–∏—Ö –ø–µ—Ä—Å–æ–Ω–∞–∂–∞—Ö: ""... –∏ –≤ —Å–æ—Ä—Ç–∏—Ä–∞—Ö –∏—Ö –±—É–¥–µ–º –º–æ—á–∏—Ç—å! ""","@Christianfuchs_ ah, fate-fateful! Twenty years ago, Vladimir Vladimirovich Putin said about such characters: ""... and we will wet them in the sorts!"" ",neutral
23,"&gt; –ü—É—Ç–∏–Ω: –º—ã –ø–æ –º–∏—Ä–Ω–æ–º—É –Ω–∞—Å–µ–ª–µ–Ω–∏—é –Ω–µ —Å—Ç—Ä–µ–ª—è–µ–º
&gt; –ó–µ–ª–µ–Ω—Å–∫–∏–π: –º—ã –ø–æ –º–∏—Ä–Ω–æ–º—É –Ω–∞—Å–µ–ª–µ–Ω–∏—é –Ω–µ —Å—Ç—Ä–µ–ª—è–µ–º
–ú–∏—Ä–Ω–æ–µ –Ω–∞—Å–µ–ª–µ–Ω–∏–µ: üóøüóøüóø",& gt; Putin: We do not shoot the peaceful population  & gt; Zelensky: We do not shoot in the peaceful population  Peaceful population: üóøüóøüóø,neutral
24,"–ü—É—Ç–∏–Ω –ø–æ–¥–ø–∏—Å–∞–ª —É–∫–∞–∑ –æ –≤—ã–ø–ª–∞—Ç–∞—Ö —Å–µ–º—å—è–º –≤–æ–µ–Ω–Ω—ã—Ö, –ø–æ–≥–∏–±—à–∏—Ö –≤¬†—Å–ø–µ—Ü–æ–ø–µ—Ä–∞—Ü–∏–∏ https://t.co/UcJwaRPlAT",Putin signed a decree on payments to the families of the military who died in the special operation https://t.co/ucjjwarplat,neutral
25,"–ü—É—Ç–∏–Ω ""–ø–æ–ª–µ—Ç–∞–ª"" –Ω–∞ —Ç—Ä–µ–Ω–∞–∂—ë—Ä–µ SSJ-100 –≤ –∫–∞—á–µ—Å—Ç–≤–µ –ö–í–°. –ü–æ–¥–Ω—è–ª —Å–∞–º–æ–ª—ë—Ç –≤ –≤–æ–∑–¥—É—Ö –∑–∞–ª–æ–∂–∏–ª –Ω–µ—Å–∫–æ–ª—å–∫–æ –≤–∏—Ä–∞–∂–µ–π.

https://t.co/3jGIdarlQi","Putin ""Flying"" on the simulator SSJ-100 as the KVC. Raised the aircraft in the air laid several aggregates.  https://t.co/3jgidarlqi. ",neutral
26,"@CHOBA_TA_CYKA @kalaturanastasi @I_am_tomatoo @huffminty –ß–µ–ª, –º–∏—Ä–æ–≤–æ–µ —Å–æ–æ–±—â–µ—Å—Ç–≤–æ, –∫–æ—Ç–æ—Ä–æ–º—É ""–≤—Å—ë —è—Å–Ω–æ, —ç—Ç–æ –†–æ—Å—Å–∏—è"" –≥–ª—É–±–æ–∫–æ –ø–æ–µ–±–∞—Ç—å
–ü–æ–º–Ω—é —Å–ª—ã—à–∞–ª —á—Ç–æ-—Ç–æ –æ —Ç–æ–º, —á—Ç–æ –Ω–∞ –∫–∞–∫–æ–º-—Ç–æ —Ç–∞–º –≤—ã—Å—Ç—É–ø–ª–µ–Ω–∏–∏.. –∫–∞–∂–µ—Ç—Å—è, –õ–∞–≤—Ä–æ–≤–∞, –ø—Ä–µ–¥—Å—Ç–∞–≤–∏—Ç–µ–ª–∏ –¥—Ä—É–≥–∏—Ö —Å—Ç—Ä–∞–Ω –≤—Å—Ç–∞–ª–∏ –∏ —É—à–ª–∏
–ö–ª–∞–ª–∏ –æ–Ω–∏ —Ö—É–π –Ω–∞ —Ç–æ, —á—Ç–æ –≥–æ–≤–æ—Ä–∏—Ç –†–æ—Å—Å–∏—è –∏ –ü—É—Ç–∏–Ω –≤ —á–∞—Å—Ç–Ω–æ—Å—Ç–∏
–ù–∏–∫—Ç–æ –∏ –Ω–µ —Ö–æ—á–µ—Ç —Å–ª—É—à–∞—Ç—å","@Choba_ta_cyka @kalaturanastasi @i_am_tomatoo @huffminty people, a world community, which ""everything is clear, this is Russia"" deeply fuck  I remember heard something about what a speech there .. seems to be Lavrov, representatives of other countries got up and left  They put dick on what Russia and Putin says in particular  No one wants to listen ",negative
27,"@prof_preobr –ü–µ—Ä–µ–∂–∏–≤–∞–µ—à—å, —á—Ç–æ —Ç–µ–±–µ —Ç–µ–ø–µ—Ä—å –ø–µ—Ä–µ—Å—Ç–∞–Ω—É—Ç –ø–ª–∞—Ç–∏—Ç—å, —Ç–∞–∫ –∫–∞–∫ —Ç—ã –æ–±–æ—Å—Ä–∞–ª—Å—è, –∞ –ü—É—Ç–∏–Ω –æ—Å—Ç–∞–ª—Å—è –ø—Ä–µ–∑–∏–¥–µ–Ω—Ç–æ–º?","@Prof_PreobBr is worried that you will now stop paying, because you crap, and Putin remained president? ",negative
28,@DannyMartynenko –£—Ç–∏ –ø—É—Ç–∏–Ω,@Dannymartynenko Ui Putin,neutral
29,"–ü—É—Ç–∏–Ω –ø–æ–¥–¥–µ—Ä–∂–∞–ª –æ—Ç–∫–∞–∑ –æ—Ç —É–≥–æ–ª–æ–≤–Ω–æ–≥–æ –ø—Ä–µ—Å–ª–µ–¥–æ–≤–∞–Ω–∏—è –∑–∞ —ç–∫–æ–Ω–æ–º–∏—á–µ—Å–∫–∏–µ –ø—Ä–µ—Å—Ç—É–ø–ª–µ–Ω–∏—è

–û–Ω –æ—Ç–º–µ—Ç–∏–ª, —á—Ç–æ –≤ —Å–ª–æ–∂–∏–≤—à–∏—Ö—Å—è —É—Å–ª–æ–≤–∏—è—Ö ¬´–≤—ã—Ö–æ–¥–æ–º –º–æ–∂–µ—Ç –±—ã—Ç—å —Ç–æ–ª—å–∫–æ –æ–¥–Ω–æ ‚Äî –º–∞–∫—Å–∏–º–∞–ª—å–Ω–∞—è —ç–∫–æ–Ω–æ–º–∏—á–µ—Å–∫–∞—è —Å–≤–æ–±–æ–¥–∞ –¥–ª—è –ª—é–¥–µ–π, –∫–æ—Ç–æ—Ä—ã–µ –∑–∞–Ω–∏–º–∞—é—Ç—Å—è –±–∏–∑–Ω–µ—Å–æ–º¬ª https://t.co/EbsjK0kBIL","Putin supported the refusal of criminal prosecution for economic crimes  He noted that in the current conditions, ""there can be only one thing - the maximum economic freedom for people who are engaged in business"" https://t.co/ebsjk0kbil ",neutral
30,"@Alina_1995J –î–∞! –≠—Ç–æ –±—ã–ª–æ –ø–µ—Ä–≤–æ–µ, —á—Ç–æ —è –ø–æ–¥—É–º–∞–ª–∞. –õ—é–¥–∏ –ø—Ä–æ—Å–∏–ª–∏ –º–∏—Ä–∞, –∞ –≤ –∏—Ç–æ–≥–µ - –≤–æ–π–Ω–∞ –≤ –æ–≥—Ä–æ–º–Ω—ã—Ö –º–∞—Å—à—Ç–∞–±–∞—Ö. –ò –∫–∞–∫ –ø–æ—Ç–æ–º –∂–∏—Ç—å —Å —ç—Ç–æ–π –≤–∑–∞–∏–º–Ω–æ–π –Ω–µ–Ω–∞–≤–∏—Å—Ç—å—é. –ü—É—Ç–∏–Ω –∂–µ –Ω–µ –ø—Ä–∏—Å–æ–µ–¥–∏–Ω–∏—Ç –∏—Ö, –∫–∞–µ –ö—Ä—ã–º, –æ–Ω —ç—Ç–æ–≥–æ –∏ –Ω–µ –æ–±–µ—â–∞–ª.","@ Alina_1995J Yes! It was the first thing I thought. People asked the world, and in the end - the war on a huge scale. And then live with this mutual hatred. Putin will not attach them, Kai Crimea, he did not promise it. ",negative
31,–ü—É—Ç–∏–Ω –≤—Ç–æ—Ä–≥—Å—è ‚Ä¶. –í –†–æ—Å—Å–∏—é  https://t.co/KSMa1RZOUi,Putin invaded ... To Russia https://t.co/ksma1rzoui.,negative
32,,"Putin: ""Kyiv must understand - if they continue in the same spirit, then there will be a question about Ukrainian statehood.""  No, it is no coincidence that he said it. It was the last warning of Zelensky, throwing Putin. Putin words to the wind does not throw! He can change their mind ... ",positive
33,"@roizmangbn ""–û—à–∏–±–∫–∞ –≤—ã–∂–∏–≤—à–µ–≥–æ"".
–°–∫–∞–∂–µ–º, –≤—Å–µ –∑–Ω–∞—é—Ç, —á—Ç–æ –¥–µ–ª—å—Ñ–∏–Ω—ã —Ç–æ–ª–∫–∞—é—Ç —Ç–æ–Ω—É—â–µ–≥–æ –∫ –±–µ—Ä–µ–≥—É, —Ç–∞–∫?
–ù–æ —Ç–µ —Ç–æ–Ω—É—â–∏–µ, –∫–æ—Ç–æ—Ä—ã—Ö –¥–µ–ª—å—Ñ–∏–Ω—ã —Ç–æ–ª–∫–∞–ª–∏ –æ–±—Ä–∞—Ç–Ω–æ –≤ –æ–∫–µ–∞–Ω –Ω–µ —Ä–∞—Å—Å–∫–∞–∂—É—Ç —É–∂–µ –Ω–∏—á–µ–≥–æ.
–ë—ã–ª–∏ –∏ —Ç–µ, –∫—Ç–æ —Å –æ—Ä—É–∂–∏–µ–º –∂–¥–∞–ª–∏, –±—ã–ª–æ –≤—Å—è–∫–æ–µ; —Ä–∞—Å—Å–∫–∞–∑—ã–≤–∞–ª–∏.
–ü—É—Ç–∏–Ω–∞ –Ω—É–∂–Ω–æ –ø–æ–π–º–∞—Ç—å –∏ —Å—É–¥–∏—Ç—å.
–ü—É—Ç–∏–Ω-–≤–æ–µ–Ω–Ω—ã–π –ø—Ä–µ—Å—Ç—É–ø–Ω–∏–∫.","@roizmangbn ""Error survived.""  Say, everyone knows that the dolphins pushed the sinking to the shore, right?  But those drowning, whom Dolphins pushed back to the ocean will not tell anything.  There were also those who were waiting for a weapon, there was any; They told.  Putin needs to catch and judge.  Putin-military criminal. ",negative
34,"–ü–£–¢–ò–ù –†–ê–°–°–ö–ê–ó–ê–õ, –ß–ï–ú –ó–ê–ö–û–ù–ß–ò–¢–°–Ø –†–û–°–°–ò–ô–°–ö–ê–Ø –°–ü–ï–¶–û–ü–ï–†–ê–¶–ò–Ø –ù–ê –£–ö–†–ê–ò–ù–ï
https://t.co/gSJp95wWZk https://t.co/dLDq49MDvA",Putin told how Russian special operation will end in Ukraine  https://t.co/gsjp95wwzk https://t.co/dldq49mdva.,neutral
35,@akozenko @marusiaNadia –ø–£—Ç–∏–Ω –≤—Å–µ–≥–¥–∞ –≤—Ä–µ—Ç‚Ä¶,@Akozenko @marusianadia Putin always lying ...,negative
36,–ü–æ—Å–º–æ—Ç—Ä–∏—Ç–µ –≤–∏–¥–µ–æ –æ—Ç –í.–í. –ü—É—Ç–∏–Ω üá∑üá∫! #TikTok https://t.co/tpnXJmFzcY,Check out the video from V.V. Putin üá∑üá∫! #Tiktok https://t.co/tpnxjmfzcy.,neutral
37,–ö–∞–∫ –ü—É—Ç–∏–Ω —É–Ω–∏—á—Ç–æ–∂–∞–µ—Ç —ç–∫–æ–Ω–æ–º–∏–∫—É –†–æ—Å—Å–∏–∏ https://t.co/Hv5pn4kLHv —á–µ—Ä–µ–∑ @YouTube,How Putin destroys the economy of Russia https://t.co/hv5pn4klhv through @youtube,negative
38,"@ok_sirok –ê —è –ø–æ–º–Ω—é –µ–µ –¥–∞–≤–Ω–∏—à–Ω–∏–º –ª–æ–∑—É–Ω–≥–æ–º –±—ã–ª–æ:¬ª —è –∏–¥—É –≤ –ø—Ä–µ–∑–∏–¥–µ–Ω—Ç—ã, —á—Ç–æ–±—ã –ø—Ä–µ–∑–∏–¥–µ–Ω—Ç –ü—É—Ç–∏–Ω –Ω–∞—Å —É—Å–ª—ã—à–∞–ª¬ª‚Ä¶","@ok_sirok And I remember her long-standing slogan was: ""I am going to the presidents that President Putin heard us"" ... ",neutral
39,"@CHOBA_TA_CYKA @kalaturanastasi @I_am_tomatoo @huffminty –Ø –Ω–∏–∫–æ–≥–æ –Ω–µ –ø–æ–¥–¥–µ—Ä–∂–∏–≤–∞—é, –Ω–∏ –æ–¥–Ω—É –∏–∑ —Å—Ç–æ—Ä–æ–Ω
–Ø –≤—ã—Å–∫–∞–∑—ã–≤–∞—é—Å—å –ª–∏—à—å –æ —Ç–æ–º, —á—Ç–æ —Ö–æ—á—É –º–∏—Ä–∞, –Ω–æ –Ω–µ –∑–Ω–∞—é, –∫—Ç–æ –≤–∏–Ω–æ–≤–∞—Ç
–Ø –≥–æ–≤–æ—Ä—é –æ–± –æ—Ç—Å—É—Ç—Å—Ç–≤–∏–∏ –ø–æ–¥—Ç–≤–µ—Ä–∂–¥—ë–Ω–Ω—ã—Ö —Ñ–∞–∫—Ç–æ–≤, –ø–æ–∑–≤–æ–ª—è—é—â–∏—Ö —É–∫–∞–∑—ã–≤–∞—Ç—å –Ω–∞ —Ç–æ, —á—Ç–æ –∑–∞ —ç—Ç–∏–º —Å—Ç–æ–∏—Ç –∏–º–µ–Ω–Ω–æ –ü—É—Ç–∏–Ω
–ù–æ –µ—Å–ª–∏ –æ–Ω –∑–∞ —ç—Ç–∏–º —Å—Ç–æ–∏—Ç, –æ–Ω –ø–æ–ø–ª–∞—Ç–∏—Ç—Å—è –∑–∞ —ç—Ç–æ —Å–ø–æ–ª–Ω–∞","@Choba_ta_cyka @kalaturanastasi @i_am_tomatoo @huffminty I do not support anyone, none of the sides  I am only talking about what I want the world, but I do not know who is to blame  I am talking about the absence of confirmed facts that allow you to point out that Putin worth it  But if he is behind it, he will pay for it in full ",neutral
40,"@onezamkad –ë—É–¥—å –≥–æ—Ç–æ–≤ –∫ –Ω–æ–≤–æ—Å—Ç—è–Ω, —á—Ç–æ ¬´–ü—É—Ç–∏–Ω —É–Ω–∏—á—Ç–æ–∂–∞–µ—Ç –£–∫—Ä–∞–∏–Ω—É¬ª!)))","@onezamkad Be ready for Novostyan that ""Putin destroys Ukraine""!))) ",negative
41,–ü—É—Ç–∏–Ω —É—Å—Ç–∞–Ω–æ–≤–∏–ª –≤—Ä–µ–º–µ–Ω–Ω—ã–π –ø–æ—Ä—è–¥–æ–∫ –∏—Å–ø–æ–ª–Ω–µ–Ω–∏—è –†–§ –æ–±—è–∑–∞—Ç–µ–ª—å—Å—Ç–≤ –ø–æ –≤–Ω–µ—à–Ω–µ–º—É –¥–æ–ª–≥—É https://t.co/ZlRuCnbdrN,Putin established the temporary procedure for the execution of the Russian Federation obligations under the external debt https://t.co/zlrucnbdrn,neutral
42,"@CHOBA_TA_CYKA –Ø. –ù–µ. –ó–Ω–∞—é.
–ò–∑–≤–∏–Ω–∏, –Ω–æ —è –Ω–µ –ü—É—Ç–∏–Ω
–ï—Å–ª–∏ –∏–Ω—Ç–µ—Ä–µ—Å–Ω–æ, –∏—â–∏ —Å–∞–º–æ—Å—Ç–æ—è—Ç–µ–ª—å–Ω–æ
–ê —Ç—ã –¥—É–º–∞–µ—à—å, –±—ã–ª–æ –±—ã –ª—É—á—à–µ, –µ—Å–ª–∏ –±—ã –∏—Ö –≤—Å–µ—Ö —É–±–∏–ª–∏ –∑–∞ –≥–æ–¥?ü§°","@Choba_Ta_Cyka Ya. Not. I know.  Sorry, but I'm not Putin  If interesting, look for yourself  Do you think it would be better if they were all killed for the year? ü§° ",neutral
43,"@DonCryptoDraper –≠—Ç–æ –ü—É—Ç–∏–Ω –≤–∏–Ω–æ–≤–∞—Ç! –í–µ—Ä–Ω–µ–µ, –¥–∞–∂–µ –Ω–µ –ü—É—Ç–∏–Ω, –∞ –∫–∞–∂–¥—ã–π —Ä—É—Å—Å–∫–∏–π –ø–µ—Ä—Å–æ–Ω–∞–ª—å–Ω–æ. –í—Å—ë –∏–∑-–∑–∞ –Ω–∏—Ö.","@Doncryptodraper This Putin is to blame! Rather, not even Putin, and each Russian personally. All because of them. ",negative
44,"–ü—É—Ç–∏–Ω –≤—Å—Ç—Ä–µ—Ç–∏–ª—Å—è —Å –ø—Ä–µ–º—å–µ—Ä–æ–º –ò–∑—Ä–∞–∏–ª—è –ë–µ–Ω–Ω–µ—Ç–æ–º. –í —Ö–æ–¥–µ –≤—Å—Ç—Ä–µ—á–∏ –æ–Ω–∏ –æ–±—Å—É–¥—è—Ç —Å–∏—Ç—É–∞—Ü–∏—é –Ω–∞ –£–∫—Ä–∞–∏–Ω–µ.

–°–µ–π—á–∞—Å –ø–æ–¥—Ç–≤–µ—Ä–∂–¥–∞–µ—Ç—Å—è –∏–Ω—Ñ–æ—Ä–º–∞—Ü–∏—è –æ —Ç–æ–º, —á—Ç–æ –ø–æ—Å–ª–µ –≤—Å—Ç—Ä–µ—á–∏ —Å —Ä–æ—Å—Å–∏–π—Å–∫–∏–º –ª–∏–¥–µ—Ä–æ–º –ë–µ–Ω–Ω–µ—Ç–∞ –ø—Ä–∏–º–µ—Ç –∫–∞–Ω—Ü–ª–µ—Ä –ì–µ—Ä–º–∞–Ω–∏–∏ –®–æ–ª—å—Ü, —Å–æ–æ–±—â–∏–ª –¢–ê–°–° —Å–æ —Å—Å—ã–ª–∫–æ–π –Ω–∞ –∏—Å—Ç–æ—á–Ω–∏–∫ –≤ –ø—Ä–∞–≤–∏—Ç–µ–ª—å—Å—Ç–≤–µ–Ω–Ω—ã—Ö –∫—Ä—É–≥–∞‚Ä¶","Putin met with the Prime Minister of Israel Bennet. During the meeting, they will discuss the situation in Ukraine.  It is now confirmed by the information that after meeting with the Russian leader of Benneta, German Chancellor Scholz will adopt, tested TASS with reference to the source in government circles ... ",neutral
45,"@alexprok2012 @yakOVchinnikov –ü–ª—é—ë—Ç –ü—É—Ç–∏–Ω –Ω–∞ —Ä—É—Å—Å–∫–∏—Ö –≤ —Å–∞–º–æ–π –†–æ—Å—Å–∏–∏ 21 –≥–æ–¥. –†—É—Å—Å–∫–∏–µ –æ—Ç –µ–≥–æ ""–∑–∞–±–æ—Ç—ã"" –ø—Ä–æ—Å—Ç–æ –≤—ã–º–∏—Ä–∞—é—Ç. –ü–æ—ç—Ç–æ–º—É ""–∑–∞—â–∏—Ç–∞ —Ä—É—Å—Å–∫–∏—Ö"" - –ª—É–∫–∞–≤–∞—è –ª–æ–∂—å.
–ï–¥–∏–Ω—Å—Ç–≤–µ–Ω–Ω–æ–µ –¥–ª—è —á–µ–≥–æ –æ–Ω –æ–∫–∫—É–ø–∏—Ä–æ–≤–∞–ª –ö—Ä—ã–º, –î–æ–Ω–±–∞—Å—Å –∏ –ø—ã—Ç–∞–µ—Ç—Å—è –æ–∫–∫—É–ø–∏—Ä–æ–≤–∞—Ç—å –≤—Å—é –£–∫—Ä–∞–∏–Ω—É - —Å–æ—Ö—Ä–∞–Ω–∏—Ç—å —Å–≤–æ—é –≤–ª–∞—Å—Ç—å –≤ –†–æ—Å—Å–∏–∏ –∏ –ø–æ–∫–∞–∑–∞—Ç—å —Å–≤–æ—ë –≤–µ–ª–∏—á–∏–µ.","@ AlexProk2012 @yakovchinnikov spits Putin on Russians in Russia itself 21 years old. Russians from his ""care"" just die out. Therefore, the ""Russian defense"" - dear lies.  The only thing for which he occupied the Crimea, Donbass and tries to occupy the whole of Ukraine - to preserve its power in Russia and show its greatness. ",negative
46,"@elonmusk –í–µ–ª–∏–∫–∏–µ –ª—é–¥–∏ –†–æ—Å—Å–∏–∏ - —ç—Ç–æ –ü—É—Ç–∏–Ω, –õ–∞–≤—Ä–æ–≤, –®–æ–π–≥—É –∏ –º–Ω–æ–≥–∏–µ –¥—Ä—É–≥–∏–µ, –∫–æ—Ç–æ—Ä—ã–µ —Ö–æ—Ç—è—Ç –¥–ª—è —Å–≤–æ–µ–π —Å—Ç—Ä–∞–Ω—ã –¥–æ—Å—Ç–æ–π–Ω–æ–≥–æ –±—É–¥—É—â–µ–≥–æ.","@ELONMUSK The Great People of Russia is Putin, Lavrov, Shoigu and many others who want for their country a worthy future. ",positive
47,"–°—É–±–±–æ—Ç–Ω–∏–º —É–∫–∞–∑–æ–º –æ–±—ä—è–≤–∏–ª–∏ –æ —Ç–æ–º, —á—Ç–æ –≤–Ω–µ—à–Ω–∏–µ –æ–±—è–∑–∞—Ç–µ–ª—å—Å—Ç–≤–∞ –∏—Å–ø–æ–ª–Ω—è—Ç—å—Å—è –¥–µ-—Ñ–∞–∫—Ç–æ –Ω–µ –±—É–¥—É—Ç. –ü—É—Ç–∏–Ω —É—Ç–≤–µ—Ä–∂–¥–∞–µ—Ç, —á—Ç–æ –º–æ–∂–Ω–æ –æ—Ç–∫—Ä—ã—Ç—å —Å—á–µ—Ç  –∫—Ä–µ–¥–∏—Ç–æ—Ä—É –∏ ""—Ä–∞—Å—Å—á–∏—Ç–∞—Ç—å—Å—è"" –≤ —Ä—É–±–ª—è—Ö, —Ç–æ –µ—Å—Ç—å –Ω–µ —Ä–∞—Å—Å—á–∏—Ç–∞—Ç—å—Å—è. –ü–æ—Å–ª–µ–¥–Ω–∏–π —Ä–∞–∑ —á—Ç–æ-—Ç–æ —Ç–∞–∫–æ–µ –±—ã–ª–æ –≤ 1918 –ø—Ä–æ —Ü–∞—Ä—Å–∫–∏–µ –¥–æ–ª–≥–∏... –≠—Ç–æ –±–∞–Ω–∫—Ä–æ—Ç—Å—Ç–≤–æ. https://t.co/iaO8f4zOsN","Saturday decree announced that external obligations would be executed by de facto. Putin argues that you can open the creditor and ""pay"" in rubles, that is, not to pay. The last time something was in 1918 about the royal debts ... it is bankruptcy. https://t.co/iao8f4zosn. ",negative
48,"@AZhmyhov @unesco_russia @MID_RF @UNESCO @BBC @BowenBBC @AAzoulay @UNESCO_russian @mfa_russia @TawfikJelassi –ö–æ—Ä–æ—á–µ, –ü—É—Ç–∏–Ω, —Ç–µ–±–µ –ø–∏Z–¥–∞ https://t.co/8aLjEF2pPq","@AZhmyhov @unesco_russia @MID_RF @UNESCO @BBC @BowenBBC @AAzoulay @UNESCO_russian @mfa_russia @TawfikJelassi –ö–æ—Ä–æ—á–µ, –ü—É—Ç–∏–Ω, —Ç–µ–±–µ –ø–∏Z–¥–∞ https://t.co/8aLjEF2pPq ",negative
49,"@andreivkozyrev —ç—Ç–æ –º–æ–Ω—Ç–∞–∂, –ü—É—Ç–∏–Ω —Ç–∞–∫ –±–ª–∏–∑–∫–æ —Å –ª—é–¥—å–º–∏ –Ω–µ —Å–∞–¥–∏—Ç—Å—è, –≥–¥–µ-—Ç–æ –±—ã–ª–∏ —Å—Ç—é–∞—Ä–¥–µ—Å—Å—ã,–∞ –≥–¥–µ-—Ç–æ -–æ–Ω)
 https://t.co/LsUuj5bew3","@Andreivkozyrev is installation, Putin so close with people does not sit down, somewhere there were flight attendants, and somewhere -one)  https://t.co/lsuuj5bew3. ",neutral
50,"–•–æ—Ç—è –ø–æ–º–æ—â—å –¥–æ–±—Ä–æ–≤–æ–ª—å—Ü–µ–≤ –Ω–µ —Ç—Ä–µ–±—É–µ—Ç—Å—è –¥–ª—è –ø—Ä–æ–≤–µ–¥–µ–Ω–∏—è —Å–ø–µ—Ü–æ–ø–µ—Ä–∞—Ü–∏–∏ –Ω–∞ –£–∫—Ä–∞–∏–Ω–µ, –º–Ω–æ–≥–æ –∑–Ω–∞—á–∏—Ç —Å–∞–º —Ñ–∞–∫—Ç, —á—Ç–æ –≥—Ä–∞–∂–¥–∞–Ω–µ –†–æ—Å—Å–∏–∏ –ø—Ä–µ–¥–ª–∞–≥–∞—é—Ç —Å—Ç—Ä–∞–Ω–µ —Å–≤–æ—é –ø–æ–º–æ—â—å, –∑–∞—è–≤–∏–ª 5 –º–∞—Ä—Ç–∞ –ø—Ä–µ–∑–∏–¥–µ–Ω—Ç –†–æ—Å—Å–∏–∏ –í–ª–∞–¥–∏–º–∏—Ä –ü—É—Ç–∏–Ω –Ω–∞ –≤—Å—Ç—Ä–µ—á–µ —Å —Ä–∞–±–æ—Ç–Ω–∏–∫–∞–º–∏ –∞–≤–∏–∞–æ—Ç—Ä–∞—Å–ª–∏‚Ä¶ https://t.co/1Pey1XzEDn","Although the help of volunteers is not required to carry out a special operation in Ukraine, much means the fact that Russian citizens offer their help, said on March 5, Russian President Vladimir Putin at a meeting with aircraft workers ... https://t.co/1pey1xzedn ",positive
51,"–ü—É—Ç–∏–Ω –ø–æ–¥–ø–∏—Å–∞–ª —É–∫–∞–∑ –æ –ø–æ—Ä—è–¥–∫–µ –≤—ã–ø–ª–∞—Ç –Ω–µ–∫–æ—Ç–æ—Ä—ã–º –∏–Ω–æ—Å—Ç—Ä–∞–Ω–Ω—ã–º –∫—Ä–µ–¥–∏—Ç–æ—Ä–∞–º

–ü—Ä–∞–≤–∏—Ç–µ–ª—å—Å—Ç–≤–æ –æ–ø—Ä–µ–¥–µ–ª–∏—Ç —Å—Ç—Ä–∞–Ω—ã, —Å–æ–≤–µ—Ä—à–∞—é—â–∏–µ –≤ –æ—Ç–Ω–æ—à–µ–Ω–∏–∏ –†–æ—Å—Å–∏–∏ ¬´–Ω–µ–¥—Ä—É–∂–µ—Å—Ç–≤–µ–Ω–Ω—ã–µ –¥–µ–π—Å—Ç–≤–∏—è¬ª, –∫—Ä–µ–¥–∏—Ç–æ—Ä–∞–º –∏–∑ —ç—Ç–∏—Ö —Å—Ç—Ä–∞–Ω —É–∫–∞–∑ —Ä–∞–∑—Ä–µ—à–∞–µ—Ç —Ä–æ—Å—Å–∏–π—Å–∫–∏–º –∫–æ–º–ø–∞–Ω–∏—è–º –≤—ã–ø–ª–∞—á–∏–≤–∞—Ç—å –¥–æ–ª–≥–∏ –≤ —Ä—É–±–ª—è—Ö https://t.co/Vil1HdzxzU","Putin signed a decree on the order of payments to some foreign creditors  The government will determine the countries committing ""unfriendly actions"" in relation to Russia, creditors from these countries Decree allows Russian companies to pay debts in rubles https://t.co/vil1hdzxzu ",neutral
52,"@salsaly4 –ù—É, —Ç–∞–º —Ç–∞–∫–æ–π —Ç–µ–ª–µ–≤–∏–∫, —á—Ç–æ –ø–æ–ø–∞–¥–∞–µ—Ç –ü—É—Ç–∏–Ω –∏ –µ—â—ë 3 —á–µ–ª–æ–≤–µ–∫–∞ –∏ –Ω–µ —Å–∏–ª—å–Ω–æ-—Ç–æ –¥—Ä—É–≥ –¥—Ä—É–≥–∞ –ø–µ—Ä–µ–∫—Ä—ã–≤–∞—é—Ç. –≠—Ç–æ –≠–§–† –æ–∫–æ–ª–æ 100-135 –º–º. –ü–ª—é—Å, –≤—Å—ë —Ä–∞–≤–Ω–æ –Ω–∞ –æ–±—â–µ–º –ø–ª–∞–Ω–µ –Ω–µ—Ç –Ω–∏–∫–∞–∫–∏—Ö –∫–æ–ª–æ–Ω–Ω —Å–ª–µ–≤–∞ –æ—Ç –¥–µ–≤—É—à–∫–∏ –≤ –∫—Ä–∞—Å–Ω–æ–º.","@ SALSALY4 Well, there is such a telephone that Putin falls and 3 more people and not very much each other overlap. This EFR is about 100-135 mm. Plus, still in general terms there is no column to the left of the girl in red. ",neutral
53,"@VeganPapaPhD –í–∞—Ç–∞ –≤–∞—Ç–∞ –ø—É—Ç–∏–Ω —Ç–µ–ª–µ–≤–∏–∑–æ—Ä –∑–æ–±–º–±–∏ –∞—Ö–∞—Ö–∞—Ö, –≤–æ—Ç –º—ã-—Ç–æ –≤ —Ç–≤–∏—Ç–æ—Ä–µ —É–º–Ω—ã–µ –∏ –ø–æ–Ω–∏–º–∞–µ–º –∫–∞–∫ –¥–µ–ª–∞ –æ–±—Å—Ç–æ—è—Ç –Ω–∞ —Å–∞–º–æ–º –¥–µ–ª–µ","@VeganpapapHD wata wata Putin TV Zobmby ahahah, here we are smart and understand how things are actually ",negative
54,–ü—É—Ç–∏–Ω —Ç–µ—Ä—è–µ—Ç –∫–∞–ø–ª—é –º–æ—á–∏ https://t.co/oi980wgIEz,Putin loses urine drop https://t.co/oi980wgiez,negative
55,"–ó–∞–±—ã–ª –¥–æ–±–∞–≤–∏—Ç—å...–ê–≤–µ –ü—É—Ç–∏–Ω, –ê–≤–µ –†–æ—Å—Å–∏—è! ‚úäüá∑üá∫ https://t.co/upRMGxojiT","Forgot to add ... Ave Putin, Ave Russia! ‚úäüá∑üá∫ https://t.co/uprmgxojit. ",positive
56,@think_not_think @andrew_chsh –ú–æ–∂–µ—Ç –ü—É—Ç–∏–Ω –≤–æ–æ–±—â–µ —É–∂–µ –¥–∞–≤–Ω–æ —Ü–∏—Ñ—Ä–æ–≤–æ–π –∫–∞–∫ 2–†–∞—Å),@Think_not_think @Andrew_chsh can Putin have long been digital long ago as 2RS),neutral
57,–Ω—É –Ω–∏—á–µ–≥–æ —Å –∑–∞–≤—Ç—Ä–∞ –º–æ–∂–Ω–æ —Å–Ω–æ–≤–∞ –Ω–∞—á–∞—Ç—å –∑–∞–Ω–æ–≤–æ –¥–æ –º–æ–º–µ–Ω—Ç–∞ –ø–æ–∫–∞ –ü—É—Ç–∏–Ω –Ω–µ —Å–¥–æ—Ö–Ω–µ—Ç,"Well, nothing with tomorrow you can start re-start until Putin dies ",negative
58,@Wojt_PL @dw_russian –ò—Ö —Ç–æ–∂–µ –ü—É—Ç–∏–Ω —É–±–∏–ª? –ò—Ö —É–±–∏–ª–∏ –≤—Å—É. https://t.co/TQgEdZCouN,"@Wojt_pl @dw_russian them, too, Putin killed? They were killed by the VSU. https://t.co/tqgedzcoun. ",negative
59,–ü—É—Ç–∏–Ω –≤ –∏—Å—Ç–µ—Ä–∏–∫–µ –ø–æ —Ö–æ–¥—É https://t.co/Q8NoDZhlDT,Putin in hysterics in the course of https://t.co/q8nodzhldt,negative
60,"–ö —Å–æ–∂–∞–ª–µ–Ω–∏—é, —ç—Ç–æ –±—ã–ª–æ –Ω–µ–æ–±—Ö–æ–¥–∏–º–æ —Å–¥–µ–ª–∞—Ç—å, —á—Ç–æ–±—ã –∏–º–µ—Ç—å –≤–æ–∑–º–æ–∂–Ω–æ—Å—Ç—å –ø—Ä–æ–¥–æ–ª–∂–∞—Ç—å —Ä–∞–±–æ—Ç—É, —Ñ–∏–∫—Å–∏—Ä–æ–≤–∞—Ç—å –∫–∞–∂–¥—ã–π —Ö–æ–¥ –≤–æ–π–Ω—ã ‚Äî –≤ –±—É–¥—É—â–µ–º —ç—Ç–æ –æ–±—è–∑–∞—Ç–µ–ª—å–Ω–æ –ø—Ä–∏–≥–æ–¥–∏—Ç—Å—è –¥–ª—è —Å—É–¥–∞. –î–∞ –∏ –¥–ª—è –∏—Å—Ç–æ—Ä–∏–∏. –ù–µ —Ö–æ—á—É —á—Ç–æ–±—ã –≤ —É—á–µ–±–Ω–∏–∫–∞—Ö –∏—Å—Ç–æ—Ä–∏–∏ –±—ã–ª–æ –Ω–∞–ø–∏—Å–∞–Ω–æ —Ç–æ, —á—Ç–æ —Ö–æ—á–µ—Ç –ü—É—Ç–∏–Ω.","Unfortunately, it was necessary to do to be able to continue working, fix each course of the war - in the future it will be useful for the court. Yes, and for history. I do not want that in the textbooks history it was written what Putin wants. ",negative
61,–ü—É—Ç–∏–Ω —É—Å—Ç–∞–Ω–æ–≤–∏–ª –≤—Ä–µ–º–µ–Ω–Ω—ã–π –ø–æ—Ä—è–¥–æ–∫ –∏—Å–ø–æ–ª–Ω–µ–Ω–∏—è –†–§ –æ–±—è–∑–∞—Ç–µ–ª—å—Å—Ç–≤ –ø–æ –≤–Ω–µ—à–Ω–µ–º—É¬†–¥–æ–ª–≥—É https://t.co/4LDktnAepD,Putin has established a temporary order of execution of the Russian Federation obligations under the external debt https://t.co/4ldktnaepd,neutral
62,"–û—à–∏–±–∫–∞ –ü—É—Ç–∏–Ω–∞ –≤ —Ç–æ–º, —á—Ç–æ –æ–Ω –±—ã–ª —É–≤–µ—Ä–µ–Ω, —á—Ç–æ —É–∫—Ä–∞–∏–Ω—Ü—ã –ù–ï –±—É–¥—É—Ç –≤–æ–µ–≤–∞—Ç—å. 
–û—à–∏–±–∫–∞ –ó–µ–ª–µ–Ω—Å–∫–æ–≥–æ –≤ —Ç–æ–º, —á—Ç–æ –æ–Ω –¥—É–º–∞–ª, —á—Ç–æ –ù–ê–¢–û –±—É–¥–µ—Ç –≤–æ–µ–≤–∞—Ç—å. 
–û—à–∏–±–∫–∞ –ù–ê–¢–û –≤ —Ç–æ–º, —á—Ç–æ –æ–Ω–æ –¥—É–º–∞–µ—Ç, —á—Ç–æ –ü—É—Ç–∏–Ω –Ω–∞–µ—Å—Ç—Å—è –£–∫—Ä–∞–∏–Ω–æ–π, —Ç–æ –µ–π –Ω–µ –ø—Ä–∏–¥–µ—Ç—Å—è –≤–æ–µ–≤–∞—Ç—å. –ù–∞–ø—Ä–∞—Å–Ω–æ, –ü—É—Ç–∏–Ω–∞ –≥–æ–Ω–∏—Ç —Å—Ç—Ä–∞—Ö, –∞ —É —Å—Ç—Ä–∞—Ö–∞ –≥–ª–∞–∑–∞ –≤–µ–ª–∏–∫–∏.","Putin's mistake is that he was sure that Ukrainians would not fight.  Error Zelensky is that he thought NATO will fight.  NATO error is that it thinks that Putin will nasty Ukraine, she does not have to fight. In vain, Putin drives fear, and fear is great. ",negative
63,"–í–ª–∞–¥–∏–º–∏—Ä –ü—É—Ç–∏–Ω —É–ø—Ä–æ—Å—Ç–∏–ª –≤—ä–µ–∑–¥ –≤ –†–æ—Å—Å–∏—é —Å —Ç–µ—Ä—Ä–∏—Ç–æ—Ä–∏–π –î–ù–†, –õ–ù–† –∏ –£–∫—Ä–∞–∏–Ω—ã. https://t.co/nKDTOVOwbD","Vladimir Putin simplified entry into Russia from the territories of the DNR, LNR and Ukraine. https://t.co/nkdtovowbd. ",neutral
64,"–ù–∞ –£–∫—Ä–∞–∏–Ω–µ –Ω–∞—Ü–∏–∑–º —Ñ–∞–∫—Ç–∏—á–µ—Å–∫–∏ —É–∑–∞–∫–æ–Ω–∏–ª–∏, –Ω–µ–æ–Ω–∞—Ü–∏—Å—Ç–æ–≤ –ø–æ–¥–¥–µ—Ä–∂–∏–≤–∞—é—Ç, –¥–≤–∏–≥–∞—é—Ç –≤–æ –≤–ª–∞—Å—Ç—å, —Ä–∞–¥–∏–∫–∞–ª–æ–≤ –Ω–µ —É—Å–º–∏—Ä—è—é—Ç, –∑–∞—è–≤–∏–ª 5 –º–∞—Ä—Ç–∞ –ø—Ä–µ–∑–∏–¥–µ–Ω—Ç –†–æ—Å—Å–∏–∏ –í–ª–∞–¥–∏–º–∏—Ä –ü—É—Ç–∏–Ω –Ω–∞ –≤—Å—Ç—Ä–µ—á–µ —Å —Ä–∞–±–æ—Ç–Ω–∏–∫–∞–º–∏ –∞–≤–∏–∞–æ—Ç—Ä–∞—Å–ª–∏.
https://t.co/Au9YE7xsMv https://t.co/Au9YE7xsMv","In Ukraine, Nazism was actually legalized, neo-Nazis supported, move to power, the radicals did not satisfy, said on March 5, Russian President Vladimir Putin at a meeting with employees of aircraft.  https://t.co/au9ye7xsmv https://t.co/au9ye7xsmv ",positive
65,"@CHOBA_TA_CYKA @I_am_tomatoo @huffminty –°–ª—É—à–∞–π, –≤ —Ä–∞–∑–Ω—ã—Ö —Å—Ç—Ä–∞–Ω–∞—Ö –≥–æ–≤–æ—Ä—è—Ç —Ä–∞–∑–Ω–æ–µ
–í–∞–º –≥–æ–≤–æ—Ä—è—Ç, —á—Ç–æ –ü—É—Ç–∏–Ω –Ω–∞ –ø–µ—Ä–µ–≥–æ–≤–æ—Ä—ã –Ω–µ –∏–¥—ë—Ç, –Ω–∞–º - –ó–µ–ª–µ–Ω—Å–∫–∏–π
–Ø –Ω–µ –∑–Ω–∞—é, –∏–∑ –∫–∞–∫–∏—Ö –∏—Å—Ç–æ—á–Ω–∏–∫–æ–≤ —Ç—ã –±–µ—Ä—ë—à—å –∏–Ω—Ñ–æ—Ä–º–∞—Ü–∏—é, —Ç–æ—á–Ω—ã–µ –æ–Ω–∏ –∏–ª–∏ –Ω–µ—Ç –∏ –≤—Å–∞ —Ç–∞–∫–æ–µ..
–°–≤–æ–∏–º–∏ —è —Ç–æ–∂–µ –Ω–µ –º–æ–≥—É –ø–æ—Ö–≤–∞—Å—Ç–∞—Ç—å—Å—è, –æ–¥–Ω–∞–∫–æ, –¥—É–º–∞—é, –±–µ–∑ –≤–æ–µ–Ω–Ω–æ–≥–æ –∏—Å—Ö–æ–¥–∞ –≤—Ä—è–¥ –ª–∏ –±—ã –≤—ã—à–ª–æ","@Choba_ta_cyka @i_am_tomatoo @huffminty Listen, in different countries they say different  You are told that Putin does not go to negotiations, we are Zelensky  I do not know which sources you take the information, they are exact or not and there is such ..  I also can't boast of my own, however, I think, without a military outcome, it would hardly happen ",positive
66,"@chexxerr @alldenster @RadioStydoba –í–æ–π–Ω—É –¥–æ —Å–∏—Ö –ø–æ—Ä –Ω–∏–∫—Ç–æ –Ω–µ –æ–±—ä—è–≤–ª—è–ª, –Ω–∏ –ü—É—Ç–∏–Ω, –Ω–∏ –ó–µ–ª–µ–Ω—Å–∫–∏–π! –ò–¥—ë—Ç –æ–ø–µ—Ä–∞—Ü–∏—è –ø–æ –∑–∞—â–∏—Ç–µ –£–∫—Ä–∞–∏–Ω—ã –æ—Ç –Ω–∞—Ü–∏—Å—Ç–∫–æ–≥–æ —Ä–µ–∂–∏–º–∞ –ø—Ä–∏—à–µ–¥—à–µ–≥–æ –∫ –≤–ª–∞—Å—Ç–∏ –∏ –¥–µ–Ω–∞—Ü–∏—Ñ–∏–∫–∞—Ü–∏—è –Ω–∞—Ü–∏–∫–æ–≤. –£–∫—Ä–∞–∏–Ω–∞, —Ç–∞–∫–∂–µ –∫–∞–∫ –∏ –†–æ—Å—Å–∏—è –∏ –ê–º–µ—Ä–∏–∫–∞ –º–Ω–æ–≥–æ–Ω–∞—Ü–∏–æ–Ω–∞–ª—å–Ω–∞—è —Å—Ç—Ä–∞–Ω–∞!","@Chexxerr @alldenster @radiostydoba war still no one declared nor Putin nor Zelensky! There is an operation on the protection of Ukraine from the national regime that came to power and denazification of Natsiks. Ukraine, as well as Russia and America, a multinational country! ",positive
67,"–í–ª–∞–¥–∏–º–∏—Ä –ü—É—Ç–∏–Ω –ø–æ–¥–ø–∏—Å–∞–ª —É–∫–∞–∑ –æ –≤—Ä–µ–º–µ–Ω–Ω–æ–º –ø–æ—Ä—è–¥–∫–µ –∏—Å–ø–æ–ª–Ω–µ–Ω–∏—è –æ–±—è–∑–∞—Ç–µ–ª—å—Å—Ç–≤ –ø–µ—Ä–µ–¥ –Ω–µ–∫–æ—Ç–æ—Ä—ã–º–∏ –∏–Ω–æ—Å—Ç—Ä–∞–Ω–Ω—ã–º–∏ –∫—Ä–µ–¥–∏—Ç–æ—Ä–∞–º–∏: 
https://t.co/98UiyZIK7a https://t.co/rzh3uBY1a5",Vladimir Putin signed a decree on the temporary order of fulfillment of obligations to some foreign creditors:  https://t.co/98uiyzik7a https://t.co/rzh3uby1a5.,neutral
68,"@timogen777 –ü—É—Ç–∏–Ω –Ω–∏–∫–æ–≥–¥–∞ –Ω–µ –æ–≥–æ–≤–∞—Ä–∏–≤–∞–µ—Ç—Å—è. –í—Å–µ –µ–≥–æ —Å–ª–æ–≤–∞ –≤–∑–≤–µ—à–µ–Ω—ã –∏ –ø—Ä–æ—Å—á–∏—Ç–∞–Ω—ã. 
–¢–∞–∫ –ø–æ–±–µ–¥–∏–º!",@ TimoGen777 Putin is never stipulated. All of his words weighed and calculated.  So we defeat!,positive
69,"@rustembeylimila @KJIABUATYP @RT_russian –ü—Ä–∏—á—ë–º –∑–¥–µ—Å—å –∑–ª–æ? –í–æ-–ø–µ—Ä–≤—ã—Ö, –æ–±—Å—Ç—Ä–µ–ª—ã –î–æ–Ω–µ—Ü–∫–∞ –∏ –õ—É–≥–∞–Ω—Å–∫–∞ –ø–æ—Å–ª–µ 8 –ª–µ—Ç —Ç–∞–∫ –∏ –Ω–µ –ø—Ä–µ–∫—Ä–∞—Ç–∏–ª–∏—Å—å. –¢–∞–º –º–∏—Ä–Ω—ã–µ –≥–∏–±–ª–∏ –∏ –ø—Ä–æ–¥–æ–ª–∂–∞—é—Ç –≥–∏–±–Ω—É—Ç—å. –í–æ-–≤—Ç–æ—Ä—ã—Ö, –æ–Ω–∏ –Ω–µ –ø—Ä–µ–∫—Ä–∞—Ç–∏–ª–∏—Å—å –¥–∞–∂–µ –∫–æ–≥–¥–∞ –ü—É—Ç–∏–Ω –ø—Ä–∏–∑–Ω–∞–ª –õ–î–ù–†.  –ú–∏–Ω—Å–∫–∏–µ –±—ã–ª–∏ –ø–æ–¥–ø–∏—Å–∞–Ω—ã –∏ –Ω–µ –≤—ã–ø–æ–ª–Ω–µ–Ω—ã —Å 15 –≥–æ–¥–∞.–ò –Ω–∞–¥–æ –±—ã–ª–æ –µ—â—ë 8 –ª–µ—Ç –Ω–∞ —ç—Ç–æ —Å–º–æ—Ç—Ä–µ—Ç—å?","@Rustembeylimila @kjiabuatyp @RT_Russian and here evil? First, the shelling of Donetsk and Lugansk after 8 years have not stopped. There peaceful days and continue to die. Secondly, they did not stop even when Putin admitted LDNR. Minski were signed and not fulfilled from 15 years. And I had to look at it for another 8 years? ",positive
70,"–ü—É—Ç–∏–Ω —É–ø—Ä–æ—Å—Ç–∏–ª –≤—ä–µ–∑–¥ –≤ –†–æ—Å—Å–∏—é —Å —Ç–µ—Ä—Ä–∏—Ç–æ—Ä–∏–π –î–ù–†, –õ–ù–† –∏ –£–∫—Ä–∞–∏–Ω—ã, —Å–æ–æ–±—â–∏–ª–∏ –≤ –ö—Ä–µ–º–ª–µ.
-
–û–π, –≤–æ—Ç —Å —É–∫—Ä–∞–∏–Ω—ã –∫–∞–∫-—Ç–æ –Ω–∞–ø—Ä—è–≥–∞–µ—Ç. –Ø –ø–æ–Ω–∏–º–∞—é, —Ä–µ—á—å –æ –±–µ–∂–µ–Ω—Ü–∞—Ö. –ù–æ –≤–æ—Ç –∫–∞–∫ –±—ã –ø–æ–¥ –∏—Ö –≤–∏–¥–æ–º –Ω–µ –ø—Ä–æ—Å–æ—á–∏–ª–æ—Å—å —Ä–∞–∑–Ω–æ–µ :(","Putin simplified entry into Russia from the territories of the DNR, LNR and Ukraine, the Kremlin said.  -  Oh, from Ukraine somehow strains. I understand, we are talking about refugees. But, as if under their appearance, it was not survived: ( ",neutral
71,"üá∑üá∫üáÆüá± –ü—Ä–µ–∑–∏–¥–µ–Ω—Ç –†–æ—Å—Å–∏–∏ –í–ª–∞–¥–∏–º–∏—Ä –ü—É—Ç–∏–Ω –ø—Ä–æ–≤—ë–ª —Å –ù–∞—Ñ—Ç–∞–ª–∏ –ë–µ–Ω–Ω–µ—Ç–æ–º –ø–µ—Ä–µ–≥–æ–≤–æ—Ä—ã, –≤ —Ö–æ–¥–µ –∫–æ—Ç–æ—Ä—ã—Ö –æ–±—Å—É–∂–¥–∞–ª–∏—Å—å —Ä–∞–∑–ª–∏—á–Ω—ã–µ –∞—Å–ø–µ–∫—Ç—ã —Å–∏—Ç—É–∞—Ü–∏–∏ –Ω–∞ –£–∫—Ä–∞–∏–Ω–µ –≤ –∫–æ–Ω—Ç–µ–∫—Å—Ç–µ —Å–ø–µ—Ü–∏–∞–ª—å–Ω–æ–π –≤–æ–µ–Ω–Ω–æ–π –æ–ø–µ—Ä–∞—Ü–∏–∏ –†–æ—Å—Å–∏–∏ –ø–æ –∑–∞—â–∏—Ç–µ –î–æ–Ω–±–∞—Å—Å–∞.

üîó https://t.co/iEwS7dj4FP https://t.co/scNfyN9DLg","üá∑üá∫üáÆüá± Russian President Vladimir Putin held negotiations from Naftali, during which various aspects of the situation in Ukraine were discussed in the context of the Special Military Operation of Russia for the protection of Donbass.  üîó https://t.co/iews7dj4fp https://t.co/scnfyn9dlg. ",positive
72,"@rianru –ë–µ–∑—É–º–Ω—ã–π –∫—Ä–∏–º–∏–Ω–∞–ª—å–Ω—ã–π –¥–∏–∫—Ç–∞—Ç–æ—Ä –í–ª–∞–¥–∏–º–∏—Ä –ü—É—Ç–∏–Ω –ø—Ä–∏–Ω–æ—Å–∏—Ç –º–Ω–æ–≥–æ –ø–æ–∑–æ—Ä–∞ –∏ —Å—Ç—Ä–∞–¥–∞–Ω–∏–π –º–∞—Ç—É—à–∫–µ-–†–æ—Å—Å–∏–∏.
–£ –∫–æ–≥–æ —Ö–≤–∞—Ç–∏—Ç —Å–º–µ–ª–æ—Å—Ç–∏ —Å–≤–µ—Ä–≥–Ω—É—Ç—å –µ–≥–æ?",@Rianru Mad criminal dictator Vladimir Putin brings a lot of shame and suffering from Mother Russia.  Who has the courage to overthrow it?,negative
73,"–ú–æ—è –±–∞–±—É—à–∫–∞: –¥–∞ –≤ —ç—Ç–∏—Ö –∏–Ω—Ç–µ—Ä–Ω–µ—Ç–∞—Ö —Å–ø–ª–æ—à–Ω—ã–µ —Ñ—ç–π–∫–∏! –õ—é–±–æ–µ –≤–∏–¥–µ–æ –º–æ–∂–Ω–æ –ø–æ–¥–¥–µ–ª–∞—Ç—å, —è –Ω–µ –∑–Ω–∞—é, –≥–¥–µ —ç—Ç–æ –ø—Ä–æ–∏—Å—Ö–æ–¥–∏—Ç!!! üò°
–¢–∞–∫ –∂–µ –æ–Ω–∞: –Ω—É –Ω–µ—Ç, –ü—É—Ç–∏–Ω –Ω–∞–º –Ω–µ –≤—Ä—ë—Ç, –≤–æ—Ç –≤—Å—ë –≤–∏–¥–µ–æ –ø–æ —Ç–µ–ª–µ–≤–∏–∑–æ—Ä—É!!! üò§

–í–∏–¥–µ–æ –ø–æ –¢–í: https://t.co/CIfV3VNRJW","My grandmother: Yes, in these Internet, solid fakes! Any video can be faked, I do not know where it happens !!! üò°  Also she: Well, no, Putin is not lying to us, that's all the video on TV !!! üò§  Video on TV: https://t.co/cifv3vnrjw ",negative
74,"–í–ª–∞–¥–∏–º–∏—Ä –ü—É—Ç–∏–Ω –∏ –ù–∞—Ñ—Ç–∞–ª–∏ –ë–µ–Ω–Ω–µ—Ç –æ–±—Å—É–¥–∏–ª–∏ —Å–∏—Ç—É–∞—Ü–∏—é –Ω–∞ –£–∫—Ä–∞–∏–Ω–µ

5 –º–∞—Ä—Ç–∞ –ø–æ –≤–∑–∞–∏–º–Ω–æ–π –¥–æ–≥–æ–≤–æ—Ä–µ–Ω–Ω–æ—Å—Ç–∏ —Å–æ—Å—Ç–æ—è–ª—Å—è –∫—Ä–∞—Ç–∫–∏–π —Ä–∞–±–æ—á–∏–π –≤–∏–∑–∏—Ç –≤ –ú–æ—Å–∫–≤—É –ø—Ä–µ–º—å–µ—Ä-–º–∏–Ω–∏—Å—Ç—Ä–∞ –ò–∑—Ä–∞–∏–ª—è, —Å–æ–æ–±—â–∞–µ—Ç –ø—Ä–µ—Å—Å-—Å–ª—É–∂–±–∞ –ö—Ä–µ–º–ª—è https://t.co/T5NvPyI4DW","Vladimir Putin and Naftali Bennet discussed the situation in Ukraine  March 5, by mutual agreement, a brief business visit to Moscow of Israel Prime Minister was held, the Kremlin press service reports https://t.co/t5nvpyi4dw ",neutral
75,"–ü—É—Ç–∏–Ω –ø–æ–¥–ø–∏—Å–∞–ª —É–∫–∞–∑ –æ –¥–æ–ø–æ–ª–Ω–∏—Ç–µ–ª—å–Ω—ã—Ö —Å–æ—Ü–≥–∞—Ä–∞–Ω—Ç–∏—è—Ö –≤–æ–µ–Ω–Ω–æ—Å–ª—É–∂–∞—â–∏–º, –ª–∏—Ü–∞–º, –ø—Ä–æ—Ö–æ–¥—è—â–∏–º —Å–ª—É–∂–±—É –≤ –≤–æ–π—Å–∫–∞—Ö –Ω–∞—Ü–≥–≤–∞—Ä–¥–∏–∏, –∏ —á–ª–µ–Ω–∞–º –∏—Ö —Å–µ–º–µ–π. –°–µ–º—å—è–º –≤–æ–µ–Ω–Ω—ã—Ö, –ø–æ–≥–∏–±—à–∏—Ö –≤ —Ö–æ–¥–µ –æ–ø–µ—Ä–∞—Ü–∏–∏ –Ω–∞ –£–∫—Ä–∞–∏–Ω–µ, –≤—ã–ø–ª–∞—Ç—è—Ç –ø—è—Ç—å –º–∏–ª–ª–∏–æ–Ω–æ–≤ —Ä—É–±–ª–µ–π. –¢–∞–∫–∂–µ –æ–Ω —É–ø—Ä–æ—Å—Ç–∏–ª –≤—ä–µ–∑–¥ –≤ –†–æ—Å—Å–∏—é —Å —Ç–µ—Ä—Ä–∏—Ç–æ—Ä–∏–π –õ–î–ù–† –∏ –£–∫—Ä–∞–∏–Ω—ã https://t.co/lPstSuZJZQ","Putin signed a decree on additional social garants to servicemen, persons undergoing service in the troops of the National Guard, and their family members. Families of the military who died during the operation in Ukraine will pay five million rubles. He also simplified entry into Russia from the territories of LDNR and Ukraine https://t.co/lpstsuzjzq ",neutral
76,"@rianru –ù—É –¥–∞ –¥–∞, –ø–æ—Ç–æ–º—É —á—Ç–æ –ø—É—Ç–∏–Ω –∫—Ç–æ? –ë–æ–≥? –õ–µ–Ω–∏–Ω –≤ –º–æ–≤–∑–æ–ª–µ–µ —Å–∫—É—á—è–µ—Ç –æ–¥–∏–Ω..","@Rianru Well, yes, because Putin who? The God? Lenin in Movzolea is boring one .. ",negative
77,"@PKudinov –ê, –≤–æ–µ–Ω–Ω—ã–π –ø—Ä–µ—Å—Ç—É–ø–Ω–∏–∫ - –ü—É—Ç–∏–Ω!","@Pkudinov a, military criminal - Putin! ",negative
78,"‚ö° –ü—É—Ç–∏–Ω –ø–æ–¥–ø–∏—Å–∞–ª —É–∫–∞–∑ –æ –¥–æ–ø–æ–ª–Ω–∏—Ç–µ–ª—å–Ω–æ–π –≤—ã–ø–ª–∞—Ç–µ –≤ 5 –º–ª–Ω —Ä—É–±–ª–µ–π —Å–µ–º—å—è–º –≤–æ–µ–Ω–Ω—ã—Ö –†–§, –ø–æ–≥–∏–±—à–∏—Ö –≤ —Ö–æ–¥–µ –æ–ø–µ—Ä–∞—Ü–∏–∏ –ø–æ –∑–∞—â–∏—Ç–µ –î–æ–Ω–±–∞—Å—Å–∞, —Å–æ–æ–±—â–∏–ª–∏ –≤ –ö—Ä–µ–º–ª–µ",‚ö° Putin signed a decree on additional payment of 5 million rubles to the families of the military Russian Federation who died during the administration of the protection of the Donbass reported in the Kremlin,neutral
79,"–¢–∞–∫–æ–µ –æ—â—É—â–µ–Ω–∏–µ, —á—Ç–æ ""–∞–Ω—Ç–∏–∫—Ä–∏–∑–∏—Å–Ω—ã–µ –º–µ—Ä—ã"" –ø—Ä–∞–≤–∏—Ç–µ–ª—å—Å—Ç–≤—É –†–æ—Å—Å–∏–∏ –ø–∏—Å–∞–ª–∞ –ê–π–Ω –†—ç–Ω–¥. –ü—É—Ç–∏–Ω —Ä–∞–∑–≥—Ä–æ–º–∏–ª –ª–∏–±–µ—Ä–∞–ª—å–Ω—É—é –æ–ø–ø–æ–∑–∏—Ü–∏—é, –Ω–æ –ø—Ä–∏–Ω—è–ª –µ—ë —ç–∫–æ–Ω–æ–º–∏—á–µ—Å–∫—É—é –ø—Ä–æ–≥—Ä–∞–º–º—É. –í–æ –≤—Ä–µ–º—è –≤–æ–π–Ω—ã –∏ —Å–∞–Ω–∫—Ü–∏–π –±—É–¥–µ–º —Å—Ç—Ä–æ–∏—Ç—å –∑–¥–µ—Å—å –ª–∏–±–µ—Ä—Ç–∞—Ä–∏–∞–Ω—Å–∫—É—é —É—Ç–æ–ø–∏—é","It seems that ""anti-crisis measures"" by the Government of Russia wrote Ain Rand. Putin defeated the liberal opposition, but accepted its economic program. During the war and sanctions, we will build here Libertarian utopia ",positive
80,"¬´–ü–æ—à–ª–∏ –¥—Ä—É–≥–∏–º –ø—É—Ç–µ–º¬ª // –í–ª–∞–¥–∏–º–∏—Ä –ü—É—Ç–∏–Ω –≤–ø–µ—Ä–≤—ã–µ —Ä–∞—Å—Å–∫–∞–∑–∞–ª, –ø–æ—á–µ–º—É ¬´—Å–ø–µ—Ü–æ–ø–µ—Ä–∞—Ü–∏—é¬ª –Ω–µ –æ–≥—Ä–∞–Ω–∏—á–∏–ª–∏ –î–æ–Ω–±–∞—Å—Å–æ–º https://t.co/q6QT6wE3eP https://t.co/QbKR3zcw8Z","""Let's go to another"" // Vladimir Putin first told why ""special operation"" was not limited to the Donbass https://t.co/q6qt6we3ep https://t.co/qbkr3zcw8z ",neutral
81,"–ü—É—Ç–∏–Ω –ø–æ–¥–ø–∏—Å–∞–ª —É–∫–∞–∑ –æ–± —É–ø—Ä–æ—â–µ–Ω–∏–∏ –≤—ä–µ–∑–¥–∞ –≤ –†–æ—Å—Å–∏—é —Å —Ç–µ—Ä—Ä–∏—Ç–æ—Ä–∏–π –î–ù–†, –õ–ù–† –∏ –£–∫—Ä–∞–∏–Ω—ã https://t.co/ovXlhOMJx1","Putin signed a decree on the simplification of entry into Russia from the territories of the DNR, LNR and Ukraine https://t.co/ovxlhomjx1 ",neutral
82,–ü—É—Ç–∏–Ω —É—Å—Ç–∞–Ω–æ–≤–∏–ª –¥–æ–ø–≤—ã–ø–ª–∞—Ç—ã –ø—Ä–∏ –≥–∏–±–µ–ª–∏ –∏–ª–∏ —Ä–∞–Ω–µ–Ω–∏–∏ –≤–æ–µ–Ω–Ω—ã—Ö –≤ —Å–ø–µ—Ü–æ–ø–µ—Ä–∞—Ü–∏–∏ https://t.co/vkvQWhGhrK,Putin has established additional payments at the death or injury of the military in the special operation https://t.co/vkvqwhghrk,neutral
83,–ü—É—Ç–∏–Ω –ø–æ–¥–ø–∏—Å–∞–ª —É–∫–∞–∑ –æ –≤—Ä–µ–º–µ–Ω–Ω–æ–º –ø–æ—Ä—è–¥–∫–µ –∏—Å–ø–æ–ª–Ω–µ–Ω–∏—è –æ–±—è–∑–∞—Ç–µ–ª—å—Å—Ç–≤ –ø–µ—Ä–µ–¥ –Ω–µ–∫–æ—Ç–æ—Ä—ã–º–∏ –∏–Ω–æ—Å—Ç—Ä–∞–Ω–Ω—ã–º–∏ –∫—Ä–µ–¥–∏—Ç–æ—Ä–∞–º–∏ https://t.co/EkJXPdPsBr,Putin signed a decree on the temporary order of fulfillment of obligations to some foreign creditors https://t.co/ekjxpdpsbr,neutral
84,"–ü—É—Ç–∏–Ω —É–ø—Ä–æ—Å—Ç–∏–ª –≤—ä–µ–∑–¥ –≤ –†–æ—Å—Å–∏—é —Å —Ç–µ—Ä—Ä–∏—Ç–æ—Ä–∏–π –î–ù–†, –õ–ù–† –∏ –£–∫—Ä–∞–∏–Ω—ã https://t.co/28s2qL92pU","Putin simplified entry into Russia from the territories of the DNR, LNR and Ukraine https://t.co/28s2ql92pu ",neutral
85,–ü—É—Ç–∏–Ω –ø–æ–¥–ø–∏—Å–∞–ª —É–∫–∞–∑ –æ –¥–æ–ø–æ–ª–Ω–∏—Ç–µ–ª—å–Ω—ã—Ö —Å–æ—Ü–∏–∞–ª—å–Ω—ã—Ö –≥–∞—Ä–∞–Ω—Ç–∏—è—Ö –≤–æ–µ–Ω–Ω–æ—Å–ª—É–∂–∞—â–∏–º –∏ —á–ª–µ–Ω–∞–º –∏—Ö —Å–µ–º–µ–π https://t.co/SQPYTW5mtT https://t.co/8lD3OfZL2d,Putin signed a decree on additional social guarantees to military personnel and members of their families https://t.co/sqpytw5mtt https://t.co/8ld3ofzl2d,neutral
86,"–í–ª–∞–¥–∏–º–∏—Ä –ü—É—Ç–∏–Ω –ø–æ–¥–ø–∏—Å–∞–ª —É–∫–∞–∑ –æ –¥–æ–ø–æ–ª–Ω–∏—Ç–µ–ª—å–Ω–æ–π –≤—ã–ø–ª–∞—Ç–µ –≤ 5 –º–ª–Ω —Ä—É–±–ª–µ–π —Å–µ–º—å—è–º –≤–æ–µ–Ω–Ω—ã—Ö –†–§, –ø–æ–≥–∏–±—à–∏—Ö –≤ —Ö–æ–¥–µ –æ–ø–µ—Ä–∞—Ü–∏–∏ –ø–æ –∑–∞—â–∏—Ç–µ –î–æ–Ω–±–∞—Å—Å–∞. https://t.co/1w7GyKTM1m",Vladimir Putin signed a decree on additional payment of 5 million rubles to the families of the military Russian Federation who died during the Dovbassa protection operation. https://t.co/1W7GYKTM1M.,neutral
87,"–í–ª–∞–¥–∏–º–∏—Ä –ü—É—Ç–∏–Ω —É–ø—Ä–æ—Å—Ç–∏–ª –≤—ä–µ–∑–¥ –≤ –†–æ—Å—Å–∏—é —Å —Ç–µ—Ä—Ä–∏—Ç–æ—Ä–∏–π –î–ù–†, –õ–ù–† –∏ –£–∫—Ä–∞–∏–Ω—ã, —Å–æ–æ–±—â–∏–ª–∏ –≤ –ö—Ä–µ–º–ª–µ:
https://t.co/09mjG9EBgb https://t.co/T6GF2eW62L","Vladimir Putin simplified entry into Russia from the territories of the DNR, LNR and Ukraine, reported in the Kremlin:  https://t.co/09mjg9bgb https://t.co/t6gf2ew62l ",neutral
88,"‚ùóÔ∏è–í–ª–∞–¥–∏–º–∏—Ä –ü—É—Ç–∏–Ω —É–ø—Ä–æ—Å—Ç–∏–ª –≤—ä–µ–∑–¥ –≤ –†–æ—Å—Å–∏—é —Å —Ç–µ—Ä—Ä–∏—Ç–æ—Ä–∏–π #–î–ù–†, #–õ–ù–† –∏ #–£–∫—Ä–∞–∏–Ω—ã ‚Äî –ö—Ä–µ–º–ª—å.","‚ùóÔ∏èVladimir Putin simplified entry into Russia from territories # DNR, # LNR and # Ukraine - Kremlin. ",neutral
89,"@OfTheLamplight @greendreamz1 @JoeBiden –í—ã –∫–∞–∫ –ü—É—Ç–∏–Ω —Ç–æ–ª—å–∫–æ —á–µ—Å—Ç–Ω–µ–µ. 
–í—ã –≥–æ–≤–æ—Ä–∏—Ç–µ —á—Ç–æ –Ω–µ–ø–æ–Ω–∏–º–∞–Ω–∏–µ –º–µ–Ω—è.

–ê –ü—É—Ç–∏–Ω –≥–æ–≤–æ—Ä–∏—Ç –≤–µ—â–∏ –ø—Ä–æ—Ç–∏–≤–æ—Ä–µ—á–∞—â–∏–µ –∑–∞–∫–æ–Ω–∞–º –ø—Ä–∏—Ä–æ–¥—ã –∏ —Ä–∞–∑–¥—Ä–∞–∂—ë–Ω —á—Ç–æ –Ω–µ —Å–ª—É—à–∞—é—Ç –µ–≥–æ. 
–ù—É –∫–∞–∫–æ–π –∑–¥—Ä–∞–≤–æ–º—ã—Å–ª—è—â–∏–π –±—É–¥–µ—Ç —Å–ª—É—à–∞—Ç—å –±—Ä–µ–¥?

–ë–µ–∑ –æ–±–∏–¥.","@Ofthelamplight @ Greendreamz1 @joebiden You like Putin is only more honest.  You say that misunderstanding me.  And Putin says things that contradict the laws of nature and annoyed that they do not listen to him.  Well, what kind of sensible will listen to nonsense?  No offense. ",negative
90,"–í–ª–∞–¥–∏–º–∏—Ä –ü—É—Ç–∏–Ω —É–ø—Ä–æ—Å—Ç–∏–ª –≤—ä–µ–∑–¥ –≤ –†–æ—Å—Å–∏—é —Å —Ç–µ—Ä—Ä–∏—Ç–æ—Ä–∏–π –î–ù–†, –õ–ù–† –∏ –£–∫—Ä–∞–∏–Ω—ã ‚Äî –ö—Ä–µ–º–ª—å.

@tv360","Vladimir Putin has simplified entry into Russia from the territories of the DNR, LNR and Ukraine - the Kremlin.  @ TV360. ",neutral
91,–ó–∞—â–∏—â–∞–π—Ç–µ—Å—å —Ç–∞–º. –ü—É—Ç–∏–Ω –∏–¥—ë—Ç.,Secure there. Putin goes.,negative
92,"–ü—É—Ç–∏–Ω –ø–æ–¥–ø–∏—Å–∞–ª —É–∫–∞–∑ –æ –¥–æ–ø–æ–ª–Ω–∏—Ç–µ–ª—å–Ω–æ–π –≤—ã–ø–ª–∞—Ç–µ –≤ 5 –º–ª–Ω —Ä—É–±–ª–µ–π —Å–µ–º—å—è–º –≤–æ–µ–Ω–Ω—ã—Ö –†–§, –ø–æ–≥–∏–±—à–∏—Ö –≤ —Ö–æ–¥–µ –æ–ø–µ—Ä–∞—Ü–∏–∏ –ø–æ –∑–∞—â–∏—Ç–µ –î–æ–Ω–±–∞—Å—Å–∞, —Å–æ–æ–±—â–∏–ª–∏ –≤ –ö—Ä–µ–º–ª–µ: 
https://t.co/DwPhrKoUMZ https://t.co/n8HidboCZf","Putin signed a decree on additional payments of 5 million rubles to the families of the military of the Russian Federation who died during the Dovbassy operation, reported in the Kremlin:  https://t.co/dwphrkoumz https://t.co/n8hidboczf. ",neutral
93,"–ù–µ–¥–æ—Å—Ç–∞—Ç–æ—á–Ω–æ –ø—Ä–æ—Å—Ç–æ –ø–æ–º–æ–≥–∞—Ç—å –≤–æ–µ–Ω–Ω—ã–º –î–æ–Ω–±–∞—Å—Å–∞ –Ω–∞ –ª–∏–Ω–∏–∏ —Å–æ–ø—Ä–∏–∫–æ—Å–Ω–æ–≤–µ–Ω–∏—è, —Å–ø–µ—Ü–æ–ø–µ—Ä–∞—Ü–∏—è –Ω—É–∂–Ω–∞ –±—ã–ª–∞, –ø–æ—Å–∫–æ–ª—å–∫—É —É–∫—Ä–∞–∏–Ω—Å–∫–∏–º –Ω–∞—Ü–∏–æ–Ω–∞–ª–∏—Å—Ç–∞–º –±–µ—Å–∫–æ–Ω–µ—á–Ω–æ –ø–æ–º–æ–≥–∞–ª–∏ –±—ã —Å –ó–∞–ø–∞–¥–∞, –∑–∞—è–≤–∏–ª 5 –º–∞—Ä—Ç–∞ –ø—Ä–µ–∑–∏–¥–µ–Ω—Ç –†–§ –í–ª–∞–¥–∏–º–∏—Ä –ü—É—Ç–∏–Ω –Ω–∞ –≤—Å—Ç—Ä–µ—á–µ —Å —Ä–∞–±–æ—Ç–Ω–∏–∫–∞–º–∏ –∞–≤–∏–∞–æ—Ç—Ä–∞—Å–ª–∏‚Ä¶ https://t.co/YaxM8nQedA","It is not enough to just help the Military Donbass on the line of contact, the special operation was needed, since the Ukrainian nationalists would have helped the Russian nationalists from the West, said on March 5, Russian President Vladimir Putin declared at a meeting with employees of aircraft ... https://t.co/yaxm8nqeda ",positive
94,"–ü—É—Ç–∏–Ω –ø–æ–¥–ø–∏—Å–∞–ª —É–∫–∞–∑ –æ –¥–æ–ø–æ–ª–Ω–∏—Ç–µ–ª—å–Ω—ã—Ö —Å–æ—Ü–≥–∞—Ä–∞–Ω—Ç–∏—è—Ö –≤–æ–µ–Ω–Ω–æ—Å–ª—É–∂–∞—â–∏–º, –ª–∏—Ü–∞–º, –ø—Ä–æ—Ö–æ–¥—è—â–∏–º —Å–ª—É–∂–±—É –≤ –≤–æ–π—Å–∫–∞—Ö –Ω–∞—Ü–≥–≤–∞—Ä–¥–∏–∏ –†–æ—Å—Å–∏–∏, –∏ —á–ª–µ–Ω–∞–º –∏—Ö —Å–µ–º–µ–π.

@tv360","Putin has signed a decree on additional social garants to military personnel, persons undergoing service in the army of the National Guard of Russia and their family members.  @ TV360. ",neutral
95,"@Persey66728259 @StephenKing @DefenceU –≤–æ—Ç —Ç–∞–∫ —Ä–∞–±–æ—Ç–∞—é—Ç –º–µ—Ä–∑–∞–≤—Ü—ã - –¥–µ–¥ –∏–∑ —Ç—É—Ä—Ü–∏–∏, –∞ –≤–∏–Ω–æ–≤–∞—Ç –ü—É—Ç–∏–Ω https://t.co/Pr151cQQVZ","@ PERSEY66728259 @Stephenking @Defenceu That oversight work - grandfather from Turkey, and to blame Putin https://t.co/pr151cqqvz ",negative
96,"@vesti_news ""–ú–æ—Å–∫–≤–∞. –ö—Ä–µ–º–ª—å. –ü—É—Ç–∏–Ω"" https://t.co/KxyAQgSyDw","@vesti_news ""Moscow. Kremlin. Putin"" https://t.co/kxyaqgsydw ",neutral
97,–ü—É—Ç–∏–Ω –∏ –ë–µ–Ω–Ω–µ—Ç –æ–±—Å—É–¥–∏–ª–∏ —Ä–∞–∑–ª–∏—á–Ω—ã–µ –∞—Å–ø–µ–∫—Ç—ã —Å–∏—Ç—É–∞—Ü–∏–∏ –Ω–∞ –£–∫—Ä–∞–∏–Ω–µ https://t.co/lEWsjP3ftQ,Putin and Bennet discussed various aspects of the situation in Ukraine https://t.co/lewsjp3ftq,neutral
98,"–ù–µ—É–∂–µ–ª–∏ –ü—É—Ç–∏–Ω —Å–æ–±–∏—Ä–∞–µ—Ç—Å—è —É–Ω–∏—á—Ç–æ–∂–∏—Ç—å –≤—Å–µ—Ö —ç—Ç–∏—Ö –ª—é–¥–µ–π  –ø–æ—Ç–æ–º—É, —á—Ç–æ —Å—á–∏—Ç–∞–µ—Ç –∏—Ö –Ω–∞—Ü–∏—Å—Ç–∞–º–∏? https://t.co/hv1rLi0WTB",Does Putin are going to destroy all these people because he considers them to the Nazis? https://t.co/hv1rli0wtb.,negative
99,üî•–ü—É—Ç–∏–Ω –≤–≤–µ–ª –≤ –†–æ—Å—Å–∏–∏ —Ü–µ–Ω–∑—É—Ä—É –≤–æ–µ–Ω–Ω–æ–≥–æ –≤—Ä–µ–º–µ–Ω–∏! https://t.co/t46Xs8hYLc —á–µ—Ä–µ–∑ @YouTube,üî•Putin introduced the censorship of wartime in Russia! https://t.co/t46xs8hylc through @youtube,negative